0,40.713,-74.007,2km
97,40.719,-73.987,3km
139,40.731,-74,2km
104,40.747,-74.002,3km
105,40.756,-73.983,2km
4,40.75,-73.97,2km
121,40.787,-73.976,2.5km
8,40.771,-73.958,2km
136,40.813,-73.957,2km
137,40.809,-73.946,2km
9,40.795,-73.932,4km
134,40.844,-73.937,2km
122,40.812,-73.915,3km
11,40.813,-73.886,3km
94,40.838,-73.893,3km
138,40.843,-73.915,2km
98,40.853,-73.911,2km
113,40.949,-73.893,2.5km
110,40.862,-73.896,2km
135,40.884,-73.906,3km
123,40.827,-73.86,3km
148,40.824,-73.827,4km
114,40.857,-73.855,3km
106,40.884,-73.85,4km
130,40.715,-73.945,3km
140,40.684,-73.981,2km
90,40.688,-73.949,3km
131,40.699,-73.921,2km
101,40.667,-73.886,4km
107,40.677,-73.997,2km
117,40.646,-74.003,3km
95,40.673,-73.95,2km
127,40.662,-73.946,2km
118,40.627,-73.018,3km
91,40.609,-73.998,3km
112,40.629,-73.991,3.5km
111,40.582,-73.966,2.5km
119,40.614,-73.953,2.5km
89,40.598,-73.945,2.5km
103,40.657,-73.915,2km
108,40.639,-73.935,2km
17,40.634,-73.913,4km
42,40.76,-73.919,4km
102,40.741,-73.927,4km
96,40.756,-73.877,3km
92,40.748,-73.867,2.5km
99,40.721,-73.889,4km
109,40.733,-73.856,2.5km
124,40.776,-73.821,4km
125,40.739,-73.812,4km
141,40.697,-73.832,2km
48,40.67,-73.824,3km
120,40.761,-73.769,4km
100,40.692,-73.78,4km
133,40.698,-73.745,5km
50,40.591,-73.799,4km
75,40.616,-74.132,5km
88,40.582,-74.152,6km
84,40.537,-74.203,8km
93,40.896,-73.885,2km
129,40.783,-73.966,2km
115,40.856,-73.876,2km
14,40.78,-73.806,3km
128,40.662,-73.967,2km
126,40.74,-73.84,2km
56,40.65,-73.784,5km
38,40.594,-73.9,3km